profile_id,cycle_id,status,stop_reason,k_stop,t_conv_ms,g_best_F,predicted_dominant,g_best_S,seed,config_hash,library_version
syn-balanced_multimodal-arrays_vectors-r0,4b18d09f-472e-4551-bc50-9e282cebf278,completed,epsilon,1,30.773769,0.5221946453223283,code,"[2, 1, 1, 1, 2, 1, 1, 1]",14874258040994329226,fea12cd781fcdddc38722fbc4d3406c99121280af4cffca2d52164b6effdae94,lib-v5-9ae9ffdd
syn-balanced_multimodal-arrays_vectors-r1,5f3fd875-d257-40fc-9240-7837e801bf21,completed,epsilon,1,39.404524,0.5117251097861475,diagram,"[1, 1, 2, 1, 2, 1, 2, 1]",16930491460716235114,fea12cd781fcdddc38722fbc4d3406c99121280af4cffca2d52164b6effdae94,lib-v5-9ae9ffdd
syn-balanced_multimodal-arrays_vectors-r2,a8e67ca5-0140-4a28-8aa0-2dc1d9f76d8f,completed,epsilon,1,30.517453,0.5415301059926236,text,"[1, 1, 1, 1, 2, 1, 1, 1]",4514070388957053360,fea12cd781fcdddc38722fbc4d3406c99121280af4cffca2d52164b6effdae94,lib-v5-9ae9ffdd
syn-balanced_multimodal-arrays_vectors-r3,6b959e69-0a45-46da-ac8d-407dcee3315a,completed,epsilon,2,45.609202,0.5440737012309234,code,"[1, 1, 1, 1, 1, 0, 1, 1]",11153080064190426401,fea12cd781fcdddc38722fbc4d3406c99121280af4cffca2d52164b6effdae94,lib-v5-9ae9ffdd
syn-balanced_multimodal-arrays_vectors-r4,45e92d18-11d1-40a9-9ba1-6a643995e4ae,completed,epsilon,2,40.81719,0.5435332450715451,code,"[2, 1, 1, 0, 1, 0, 1, 1]",14879577152427980293,fea12cd781fcdddc38722fbc4d3406c99121280af4cffca2d52164b6effdae94,lib-v5-9ae9ffdd
syn-balanced_multimodal-conditional-r0,231f45c1-d379-431f-9797-b0c00ae70a29,completed,epsilon,2,42.31671,0.5118157169011248,code,"[2, 1, 1, 1, 1, 0, 1, 1]",9045793134074758857,fea12cd781fcdddc38722fbc4d3406c99121280af4cffca2d52164b6effdae94,lib-v5-9ae9ffdd
syn-balanced_multimodal-conditional-r1,bc15665a-a4aa-49b8-a8ac-3513d26a1670,completed,epsilon,2,41.145939,0.5191661588161685,code,"[2, 1, 2, 0, 2, 0, 2, 1]",6554715004054297800,fea12cd781fcdddc38722fbc4d3406c99121280af4cffca2d52164b6effdae94,lib-v5-9ae9ffdd
syn-balanced_multimodal-conditional-r2,136477a7-3ffa-4fa6-a751-533cbca8ff22,completed,epsilon,4,54.93557,0.5197379111176545,code,"[2, 1, 2, 0, 2, 0, 2, 1]",1529335544869797137,fea12cd781fcdddc38722fbc4d3406c99121280af4cffca2d52164b6effdae94,lib-v5-9ae9ffdd
syn-balanced_multimodal-conditional-r3,124bf08b-c17e-4e5e-9e20-f1f2a1d0f731,completed,epsilon,2,47.31603,0.4912837776075252,text,"[1, 1, 1, 0, 2, 0, 0, 1]",5859446758382026149,fea12cd781fcdddc38722fbc4d3406c99121280af4cffca2d52164b6effdae94,lib-v5-9ae9ffdd
syn-balanced_multimodal-conditional-r4,b9153513-273a-4bde-bb6f-a011e61fb336,completed,epsilon,1,41.55961,0.5141791293136804,code,"[2, 1, 1, 1, 2, 1, 2, 1]",5183476211800312827,fea12cd781fcdddc38722fbc4d3406c99121280af4cffca2d52164b6effdae94,lib-v5-9ae9ffdd
syn-balanced_multimodal-functions-r0,ab79e669-8056-4a90-88a2-965cf33577d1,completed,epsilon,1,36.919167,0.5312552525800351,code,"[2, 1, 2, 0, 1, 0, 1, 1]",15936065092821762276,fea12cd781fcdddc38722fbc4d3406c99121280af4cffca2d52164b6effdae94,lib-v5-9ae9ffdd
syn-balanced_multimodal-functions-r1,665969c2-cfbb-41db-b22d-a869a9721e8d,completed,epsilon,1,35.487171,0.5125943923182161,code,"[2, 1, 1, 1, 1, 1, 2, 1]",13374105555875827599,fea12cd781fcdddc38722fbc4d3406c99121280af4cffca2d52164b6effdae94,lib-v5-9ae9ffdd
syn-balanced_multimodal-functions-r2,7461c3ac-e5c4-4d5e-a545-45d9043c6317,completed,epsilon,1,37.848729,0.5111344589563198,code,"[2, 1, 1, 1, 1, 1, 1, 1]",7588466362557158232,fea12cd781fcdddc38722fbc4d3406c99121280af4cffca2d52164b6effdae94,lib-v5-9ae9ffdd
syn-balanced_multimodal-functions-r3,33480acf-a3da-41e0-825e-9fd2beedf5af,completed,epsilon,1,36.078691,0.5214708192398176,diagram,"[1, 1, 2, 1, 2, 1, 1, 1]",4195137921376568256,fea12cd781fcdddc38722fbc4d3406c99121280af4cffca2d52164b6effdae94,lib-v5-9ae9ffdd
syn-balanced_multimodal-functions-r4,5c28bbe8-75f1-4da5-ac46-5abf5c61ab14,completed,epsilon,4,53.569933,0.510131213233446,diagram,"[1, 0, 2, 1, 1, 0, 1, 1]",8462033072814403669,fea12cd781fcdddc38722fbc4d3406c99121280af4cffca2d52164b6effdae94,lib-v5-9ae9ffdd
syn-balanced_multimodal-repetitive-r0,6265872e-c69e-4044-9254-1311d6d3bad8,completed,epsilon,1,37.980843,0.5424714632138072,code,"[2, 1, 1, 1, 1, 1, 2, 1]",7728640164100953516,fea12cd781fcdddc38722fbc4d3406c99121280af4cffca2d52164b6effdae94,lib-v5-9ae9ffdd
syn-balanced_multimodal-repetitive-r1,09258c53-3e3a-4c62-bb08-db89b72b2a9b,completed,epsilon,1,35.38462,0.5298616094996285,code,"[2, 1, 2, 1, 2, 1, 1, 1]",12895432108489954462,fea12cd781fcdddc38722fbc4d3406c99121280af4cffca2d52164b6effdae94,lib-v5-9ae9ffdd
syn-balanced_multimodal-repetitive-r2,5ac8ed97-27df-44d3-86b5-850634814338,completed,epsilon,1,37.08044,0.5077720332100906,code,"[2, 1, 2, 1, 1, 1, 2, 1]",5952447496831064750,fea12cd781fcdddc38722fbc4d3406c99121280af4cffca2d52164b6effdae94,lib-v5-9ae9ffdd
syn-balanced_multimodal-repetitive-r3,94482b39-49c6-4546-a8ee-45119b7bde89,completed,epsilon,1,40.647403,0.5192255613087113,diagram,"[1, 1, 2, 1, 2, 1, 1, 1]",6804409112074834755,fea12cd781fcdddc38722fbc4d3406c99121280af4cffca2d52164b6effdae94,lib-v5-9ae9ffdd
syn-balanced_multimodal-repetitive-r4,b2486437-237f-4dcd-8072-8c8f92770edd,completed,epsilon,1,42.824988,0.5396023198486004,code,"[2, 1, 1, 1, 1, 1, 2, 1]",14670778411759616066,fea12cd781fcdddc38722fbc4d3406c99121280af4cffca2d52164b6effdae94,lib-v5-9ae9ffdd
syn-balanced_multimodal-sequential-r0,0a80e557-9e84-4995-a2f1-1462ac71d22c,completed,epsilon,2,41.290434,0.5017522435367227,diagram,"[1, 0, 2, 1, 1, 1, 1, 1]",10054857376022284296,fea12cd781fcdddc38722fbc4d3406c99121280af4cffca2d52164b6effdae94,lib-v5-9ae9ffdd
syn-balanced_multimodal-sequential-r1,ffc96d2e-4e34-41a4-b4e5-e67dfba662e6,completed,epsilon,1,35.881757,0.48660245859558643,code,"[2, 1, 2, 1, 1, 1, 1, 1]",2612223784150626898,fea12cd781fcdddc38722fbc4d3406c99121280af4cffca2d52164b6effdae94,lib-v5-9ae9ffdd
syn-balanced_multimodal-sequential-r2,16fbe782-4ea6-4606-bd30-ecf39b3763be,completed,epsilon,2,38.194192,0.5264392576678812,code,"[2, 0, 1, 0, 1, 1, 1, 1]",7641398737739878797,fea12cd781fcdddc38722fbc4d3406c99121280af4cffca2d52164b6effdae94,lib-v5-9ae9ffdd
syn-balanced_multimodal-sequential-r3,95208da3-2923-4096-9d4e-e617c4406100,completed,epsilon,1,36.494612,0.5063353262743951,text,"[1, 1, 1, 0, 2, 1, 1, 1]",6480906910756200694,fea12cd781fcdddc38722fbc4d3406c99121280af4cffca2d52164b6effdae94,lib-v5-9ae9ffdd
syn-balanced_multimodal-sequential-r4,932f9f0e-5cec-4820-94ff-b7f5036ba45b,completed,epsilon,2,44.19831,0.5133193622864022,code,"[1, 0, 1, 0, 1, 1, 1, 1]",7034142487209467745,fea12cd781fcdddc38722fbc4d3406c99121280af4cffca2d52164b6effdae94,lib-v5-9ae9ffdd
syn-explanatory_conceptual-arrays_vectors-r0,a309b453-7a63-4acf-b02e-0e26e954a3b7,completed,epsilon,3,45.71639,0.5320772184498709,text,"[1, 0, 1, 1, 2, 0, 0, 1]",659036346973829039,fea12cd781fcdddc38722fbc4d3406c99121280af4cffca2d52164b6effdae94,lib-v5-9ae9ffdd
syn-explanatory_conceptual-arrays_vectors-r1,c496e616-d18e-4814-949a-b9f41ac91d4c,completed,epsilon,1,39.455749,0.48235892084604054,text,"[0, 1, 0, 1, 2, 1, 1, 1]",3773431020726365579,fea12cd781fcdddc38722fbc4d3406c99121280af4cffca2d52164b6effdae94,lib-v5-9ae9ffdd
syn-explanatory_conceptual-arrays_vectors-r2,f5a90691-5ab7-465c-af1b-be398223eeb3,completed,epsilon,1,36.405385,0.521068685816388,diagram,"[0, 1, 2, 1, 2, 1, 1, 1]",15112019766508240748,fea12cd781fcdddc38722fbc4d3406c99121280af4cffca2d52164b6effdae94,lib-v5-9ae9ffdd
syn-explanatory_conceptual-arrays_vectors-r3,3daddbcd-b108-4ce7-8c88-ff753d72255b,completed,epsilon,1,38.695419,0.5108507295154223,text,"[0, 1, 1, 1, 2, 1, 0, 1]",11813809614343677127,fea12cd781fcdddc38722fbc4d3406c99121280af4cffca2d52164b6effdae94,lib-v5-9ae9ffdd
syn-explanatory_conceptual-arrays_vectors-r4,f14e9f7d-6608-48c9-8a14-4574e82b3a61,completed,epsilon,1,37.144274,0.5239134742473572,text,"[1, 1, 1, 1, 2, 1, 1, 1]",914300619506913626,fea12cd781fcdddc38722fbc4d3406c99121280af4cffca2d52164b6effdae94,lib-v5-9ae9ffdd
syn-explanatory_conceptual-conditional-r0,1993e528-435a-476e-9b6f-4895401aecdb,completed,epsilon,1,33.633758,0.5085592641724763,code,"[2, 1, 1, 1, 2, 1, 1, 1]",5403199988300762116,fea12cd781fcdddc38722fbc4d3406c99121280af4cffca2d52164b6effdae94,lib-v5-9ae9ffdd
syn-explanatory_conceptual-conditional-r1,d1dc63b0-bfba-4d3a-83b0-050f95fe4e55,completed,epsilon,3,42.985341,0.49922046577969836,text,"[1, 1, 1, 0, 2, 0, 1, 1]",8056042275700052525,fea12cd781fcdddc38722fbc4d3406c99121280af4cffca2d52164b6effdae94,lib-v5-9ae9ffdd
syn-explanatory_conceptual-conditional-r2,952c4e98-8917-4204-804a-5e4813ca6826,completed,epsilon,2,45.904116,0.510660700930949,diagram,"[1, 1, 2, 1, 2, 0, 1, 1]",16333872664382514246,fea12cd781fcdddc38722fbc4d3406c99121280af4cffca2d52164b6effdae94,lib-v5-9ae9ffdd
syn-explanatory_conceptual-conditional-r3,4fafe91b-2714-4a7c-a2a9-7a0c9a5eb40c,completed,epsilon,3,44.801856,0.45178565188494574,text,"[1, 1, 0, 1, 2, 1, 0, 1]",91098129943525387,fea12cd781fcdddc38722fbc4d3406c99121280af4cffca2d52164b6effdae94,lib-v5-9ae9ffdd
syn-explanatory_conceptual-conditional-r4,2028691d-97d6-4f4c-a6b4-d7e51a02eeec,completed,epsilon,3,51.07291,0.4854920720090062,text,"[1, 1, 1, 1, 2, 0, 0, 1]",16506813150060900076,fea12cd781fcdddc38722fbc4d3406c99121280af4cffca2d52164b6effdae94,lib-v5-9ae9ffdd
syn-explanatory_conceptual-functions-r0,c27868ab-5a33-4460-b790-8bd9ffaf51da,completed,epsilon,1,34.404768,0.5155170075821429,text,"[1, 0, 1, 0, 2, 0, 1, 0]",3329420054124216103,fea12cd781fcdddc38722fbc4d3406c99121280af4cffca2d52164b6effdae94,lib-v5-9ae9ffdd
syn-explanatory_conceptual-functions-r1,f941b016-1fd0-4e5c-b1a1-2f826cf59221,completed,epsilon,1,35.931211,0.5063694495480564,code,"[2, 1, 1, 1, 2, 1, 0, 1]",16696451517130525040,fea12cd781fcdddc38722fbc4d3406c99121280af4cffca2d52164b6effdae94,lib-v5-9ae9ffdd
syn-explanatory_conceptual-functions-r2,b8a06903-db8a-428e-a796-d9ed5d121f2f,completed,epsilon,1,36.981384,0.4869484630448299,text,"[1, 1, 1, 1, 2, 1, 1, 1]",517759030435219411,fea12cd781fcdddc38722fbc4d3406c99121280af4cffca2d52164b6effdae94,lib-v5-9ae9ffdd
syn-explanatory_conceptual-functions-r3,5533f5fe-5378-47b6-9178-6a1ba88a02a5,completed,epsilon,1,36.986806,0.5030151752165939,text,"[1, 0, 1, 0, 2, 1, 1, 0]",16953681338565214374,fea12cd781fcdddc38722fbc4d3406c99121280af4cffca2d52164b6effdae94,lib-v5-9ae9ffdd
syn-explanatory_conceptual-functions-r4,7b28f342-20d9-4099-8103-ecdba4e9c371,completed,epsilon,1,36.545983,0.5037584760419855,text,"[1, 1, 1, 1, 2, 1, 1, 1]",10343462267567652710,fea12cd781fcdddc38722fbc4d3406c99121280af4cffca2d52164b6effdae94,lib-v5-9ae9ffdd
syn-explanatory_conceptual-repetitive-r0,e1a1afb6-a70a-46ef-9c63-fb87fee5eeeb,completed,epsilon,2,36.853466,0.47306837817189545,text,"[1, 0, 1, 1, 2, 1, 0, 1]",15750466331954636801,fea12cd781fcdddc38722fbc4d3406c99121280af4cffca2d52164b6effdae94,lib-v5-9ae9ffdd
syn-explanatory_conceptual-repetitive-r1,3545381a-89fd-432c-a307-155b9132b2a9,completed,epsilon,2,50.121745,0.5096142744909826,text,"[1, 1, 1, 0, 2, 1, 1, 1]",2085294649498097215,fea12cd781fcdddc38722fbc4d3406c99121280af4cffca2d52164b6effdae94,lib-v5-9ae9ffdd
syn-explanatory_conceptual-repetitive-r2,4b51d205-005b-417a-a74a-e6ed6ddcef04,completed,epsilon,2,46.183725,0.49249406440485816,code,"[2, 1, 1, 1, 2, 1, 1, 1]",8806879630371419678,fea12cd781fcdddc38722fbc4d3406c99121280af4cffca2d52164b6effdae94,lib-v5-9ae9ffdd
syn-explanatory_conceptual-repetitive-r3,b0a1b69a-0321-41e2-8fa5-554296b03592,completed,epsilon,1,39.192775,0.4884233511077413,code,"[2, 1, 1, 1, 2, 1, 1, 1]",588749379994643789,fea12cd781fcdddc38722fbc4d3406c99121280af4cffca2d52164b6effdae94,lib-v5-9ae9ffdd
syn-explanatory_conceptual-repetitive-r4,02843bdc-e27a-4bf6-9878-d6821d14e902,completed,epsilon,1,40.612977,0.47487411258206974,text,"[1, 1, 0, 1, 2, 1, 1, 1]",12703545167433895936,fea12cd781fcdddc38722fbc4d3406c99121280af4cffca2d52164b6effdae94,lib-v5-9ae9ffdd
syn-explanatory_conceptual-sequential-r0,90d89a6a-001e-461e-9e1b-f72c88eb55d2,completed,epsilon,2,41.733679,0.44156511377413205,text,"[1, 1, 0, 1, 2, 1, 0, 1]",11697465502508491363,fea12cd781fcdddc38722fbc4d3406c99121280af4cffca2d52164b6effdae94,lib-v5-9ae9ffdd
syn-explanatory_conceptual-sequential-r1,baa43b55-7aec-4ec2-8098-8f935b3ac10b,completed,epsilon,1,44.14407,0.47349237731253363,text,"[0, 1, 0, 1, 2, 1, 0, 1]",9535093441719518408,fea12cd781fcdddc38722fbc4d3406c99121280af4cffca2d52164b6effdae94,lib-v5-9ae9ffdd
syn-explanatory_conceptual-sequential-r2,ff2e2229-59da-4c59-9bed-5e2dd8a566f4,completed,epsilon,3,49.130984,0.46744532221615154,text,"[1, 0, 1, 2, 2, 0, 1, 0]",11537165845757293108,fea12cd781fcdddc38722fbc4d3406c99121280af4cffca2d52164b6effdae94,lib-v5-9ae9ffdd
syn-explanatory_conceptual-sequential-r3,4da4769e-9762-4e5c-aef9-c91769120910,completed,epsilon,4,56.520086,0.44971615494764744,text,"[1, 1, 1, 1, 2, 1, 1, 1]",11132946605841098354,fea12cd781fcdddc38722fbc4d3406c99121280af4cffca2d52164b6effdae94,lib-v5-9ae9ffdd
syn-explanatory_conceptual-sequential-r4,cf59d23f-b9e8-4490-8787-7de35d4c230b,completed,epsilon,2,47.985684,0.4679303324930686,text,"[1, 1, 1, 0, 2, 0, 0, 2]",10981263826224736454,fea12cd781fcdddc38722fbc4d3406c99121280af4cffca2d52164b6effdae94,lib-v5-9ae9ffdd
syn-logical_syntactic-arrays_vectors-r0,133baa33-6197-473e-9053-16b191da1561,completed,epsilon,1,28.992439,0.49864858641898496,code,"[2, 1, 1, 0, 0, 1, 1, 1]",9992384055505669186,fea12cd781fcdddc38722fbc4d3406c99121280af4cffca2d52164b6effdae94,lib-v5-9ae9ffdd
syn-logical_syntactic-arrays_vectors-r1,7a7fcafe-6f27-4a4a-918c-25838686b726,completed,epsilon,2,39.03146,0.4761442057960404,code,"[2, 1, 1, 1, 1, 1, 1, 1]",5798414899094168723,fea12cd781fcdddc38722fbc4d3406c99121280af4cffca2d52164b6effdae94,lib-v5-9ae9ffdd
syn-logical_syntactic-arrays_vectors-r2,37f86aa4-6df5-42e6-a54d-ec2c21e4735b,completed,epsilon,1,36.262597,0.5116526442398144,code,"[2, 1, 1, 1, 0, 1, 0, 1]",18175132392868051717,fea12cd781fcdddc38722fbc4d3406c99121280af4cffca2d52164b6effdae94,lib-v5-9ae9ffdd
syn-logical_syntactic-arrays_vectors-r3,5786eb8a-7464-442b-b7ed-49f4df243858,completed,epsilon,1,36.562907,0.5313185657887076,code,"[2, 1, 1, 1, 1, 1, 1, 1]",8039901326833050178,fea12cd781fcdddc38722fbc4d3406c99121280af4cffca2d52164b6effdae94,lib-v5-9ae9ffdd
syn-logical_syntactic-arrays_vectors-r4,991d1e26-f418-4f3c-8a3b-48e238eac7ae,completed,epsilon,2,33.077019,0.48402778055209056,code,"[2, 1, 1, 1, 0, 0, 1, 1]",17688077006008059011,fea12cd781fcdddc38722fbc4d3406c99121280af4cffca2d52164b6effdae94,lib-v5-9ae9ffdd
syn-logical_syntactic-conditional-r0,c30ca5d2-8684-4b36-812a-d3e15f4e7690,completed,epsilon,1,38.882986,0.47603503736410974,code,"[2, 1, 1, 0, 0, 1, 0, 1]",2276694705033047283,fea12cd781fcdddc38722fbc4d3406c99121280af4cffca2d52164b6effdae94,lib-v5-9ae9ffdd
syn-logical_syntactic-conditional-r1,d327cea6-0944-4f0b-a045-3e8c28a6855b,completed,epsilon,1,55.325888,0.42696183996070985,code,"[1, 1, 0, 1, 0, 0, 0, 1]",14814628315738061998,fea12cd781fcdddc38722fbc4d3406c99121280af4cffca2d52164b6effdae94,lib-v5-9ae9ffdd
syn-logical_syntactic-conditional-r2,471e16cc-7d1c-413c-a769-c1ee5aa57bd9,completed,epsilon,2,38.747282,0.485514908274654,code,"[2, 1, 2, 1, 0, 0, 1, 1]",13288872754780935352,fea12cd781fcdddc38722fbc4d3406c99121280af4cffca2d52164b6effdae94,lib-v5-9ae9ffdd
syn-logical_syntactic-conditional-r3,08beebd8-8d50-4800-be2d-20a52a69f710,completed,epsilon,1,37.341851,0.4822954109494831,code,"[2, 1, 1, 1, 0, 1, 0, 1]",8817630992034727634,fea12cd781fcdddc38722fbc4d3406c99121280af4cffca2d52164b6effdae94,lib-v5-9ae9ffdd
syn-logical_syntactic-conditional-r4,6bb8719a-d091-471f-aed1-adeeed9047cb,completed,epsilon,1,38.388901,0.5047565202698496,code,"[2, 1, 1, 1, 1, 1, 1, 1]",14186416506628835064,fea12cd781fcdddc38722fbc4d3406c99121280af4cffca2d52164b6effdae94,lib-v5-9ae9ffdd
syn-logical_syntactic-functions-r0,a6de2c21-6cc4-4e10-9731-434ab2ea4155,completed,epsilon,1,39.223119,0.5085218261913698,code,"[2, 1, 1, 1, 1, 1, 0, 1]",4860007043084710607,fea12cd781fcdddc38722fbc4d3406c99121280af4cffca2d52164b6effdae94,lib-v5-9ae9ffdd
syn-logical_syntactic-functions-r1,1058c9d2-70ce-4458-8404-9aee1a9f8491,completed,epsilon,1,33.476865,0.4992931299547249,code,"[2, 1, 1, 1, 1, 1, 0, 1]",5048702104520391461,fea12cd781fcdddc38722fbc4d3406c99121280af4cffca2d52164b6effdae94,lib-v5-9ae9ffdd
syn-logical_syntactic-functions-r2,134154c5-83da-4fe4-a19f-4e7787590fbc,completed,epsilon,3,53.949024,0.5046287506271597,code,"[2, 0, 0, 1, 1, 0, 1, 1]",17215727335371810076,fea12cd781fcdddc38722fbc4d3406c99121280af4cffca2d52164b6effdae94,lib-v5-9ae9ffdd
syn-logical_syntactic-functions-r3,bdc98d8f-70af-4144-9181-266fef1cf7f6,completed,epsilon,1,36.159998,0.48709952065952483,code,"[2, 1, 1, 1, 1, 1, 0, 1]",15797439676530214948,fea12cd781fcdddc38722fbc4d3406c99121280af4cffca2d52164b6effdae94,lib-v5-9ae9ffdd
syn-logical_syntactic-functions-r4,64c38902-2613-49b4-bf72-580572d37b66,completed,epsilon,2,41.584099,0.44018403130105205,code,"[2, 1, 1, 0, 0, 1, 0, 0]",17262078836325254589,fea12cd781fcdddc38722fbc4d3406c99121280af4cffca2d52164b6effdae94,lib-v5-9ae9ffdd
syn-logical_syntactic-repetitive-r0,e6869348-9c41-41fd-b7bb-36b14a8fa5be,completed,epsilon,1,31.797748,0.47150969593643716,code,"[2, 1, 2, 1, 0, 1, 1, 1]",6257654314845263816,fea12cd781fcdddc38722fbc4d3406c99121280af4cffca2d52164b6effdae94,lib-v5-9ae9ffdd
syn-logical_syntactic-repetitive-r1,11f0331d-b4aa-4cce-bdc2-f2004307703e,completed,epsilon,1,38.805494,0.4893696718778571,code,"[2, 1, 1, 1, 0, 1, 0, 1]",14793796807269104626,fea12cd781fcdddc38722fbc4d3406c99121280af4cffca2d52164b6effdae94,lib-v5-9ae9ffdd
syn-logical_syntactic-repetitive-r2,cdce4dd6-62ea-4a7a-bcc4-0a01f40b1041,completed,epsilon,1,44.216066,0.4927621027927142,code,"[2, 1, 1, 1, 1, 1, 1, 1]",3522726110465965681,fea12cd781fcdddc38722fbc4d3406c99121280af4cffca2d52164b6effdae94,lib-v5-9ae9ffdd
syn-logical_syntactic-repetitive-r3,89ae0954-2982-4670-b32a-416d0e46c8df,completed,epsilon,1,40.451433,0.4801091510260335,code,"[2, 1, 0, 0, 1, 1, 0, 1]",14099310849960317990,fea12cd781fcdddc38722fbc4d3406c99121280af4cffca2d52164b6effdae94,lib-v5-9ae9ffdd
syn-logical_syntactic-repetitive-r4,d1353060-cde1-4fd2-bc63-b12957b336d6,completed,epsilon,2,39.888139,0.4451386030111189,code,"[2, 1, 0, 0, 1, 1, 0, 1]",12201107799319184013,fea12cd781fcdddc38722fbc4d3406c99121280af4cffca2d52164b6effdae94,lib-v5-9ae9ffdd
syn-logical_syntactic-sequential-r0,944e3bae-4b1b-49a7-8822-81a0a82ca239,completed,epsilon,1,35.687131,0.4969567703156103,code,"[2, 1, 1, 1, 0, 1, 0, 1]",7972001998633272808,fea12cd781fcdddc38722fbc4d3406c99121280af4cffca2d52164b6effdae94,lib-v5-9ae9ffdd
syn-logical_syntactic-sequential-r1,c378d2ae-c974-4193-90d7-ffc91f462589,completed,epsilon,2,40.521812,0.48328640639354675,code,"[2, 1, 1, 0, 1, 1, 0, 1]",10215569490644341152,fea12cd781fcdddc38722fbc4d3406c99121280af4cffca2d52164b6effdae94,lib-v5-9ae9ffdd
syn-logical_syntactic-sequential-r2,273c0a05-14cd-412d-8900-71c6fe44a20c,completed,epsilon,1,39.311201,0.5177365941383762,code,"[2, 1, 0, 1, 1, 1, 1, 1]",12865665482750912768,fea12cd781fcdddc38722fbc4d3406c99121280af4cffca2d52164b6effdae94,lib-v5-9ae9ffdd
syn-logical_syntactic-sequential-r3,15a47275-1052-4027-86f7-2306f0289c0f,completed,epsilon,1,35.597556,0.46278074936026403,code,"[2, 1, 1, 1, 0, 1, 1, 0]",16340192075076478130,fea12cd781fcdddc38722fbc4d3406c99121280af4cffca2d52164b6effdae94,lib-v5-9ae9ffdd
syn-logical_syntactic-sequential-r4,1674fe94-1ef5-43a4-86bb-ffe554545e69,completed,epsilon,1,35.665186,0.4893347169231577,code,"[2, 1, 1, 1, 1, 1, 0, 1]",3530622917424177982,fea12cd781fcdddc38722fbc4d3406c99121280af4cffca2d52164b6effdae94,lib-v5-9ae9ffdd
syn-visual_dominant-arrays_vectors-r0,a0fe442e-567c-43b8-8b70-3c66fc63e46c,completed,epsilon,1,26.249023,0.48188171009483555,diagram,"[1, 1, 2, 1, 0, 1, 0, 1]",4133232481531151673,fea12cd781fcdddc38722fbc4d3406c99121280af4cffca2d52164b6effdae94,lib-v5-9ae9ffdd
syn-visual_dominant-arrays_vectors-r1,10ff5a6b-716d-4d71-af01-38741cbc3db9,completed,epsilon,3,49.523328,0.45181679276779124,diagram,"[1, 1, 2, 0, 0, 0, 0, 0]",9444703277744625583,fea12cd781fcdddc38722fbc4d3406c99121280af4cffca2d52164b6effdae94,lib-v5-9ae9ffdd
syn-visual_dominant-arrays_vectors-r2,438933a0-4582-450b-a5d2-603a8a2dce23,completed,epsilon,3,52.929058,0.5209291534750805,diagram,"[1, 0, 2, 1, 1, 1, 1, 1]",3035138142208476957,fea12cd781fcdddc38722fbc4d3406c99121280af4cffca2d52164b6effdae94,lib-v5-9ae9ffdd
syn-visual_dominant-arrays_vectors-r3,b1b0343d-ddc8-43aa-b27e-1eda1ff98fa1,completed,epsilon,2,49.178125,0.5393222721996709,diagram,"[0, 1, 2, 1, 1, 0, 0, 1]",5895009694021173825,fea12cd781fcdddc38722fbc4d3406c99121280af4cffca2d52164b6effdae94,lib-v5-9ae9ffdd
syn-visual_dominant-arrays_vectors-r4,e6246f91-25e0-4455-ad17-ff60b2250362,completed,epsilon,1,37.717669,0.5037064216223195,diagram,"[1, 1, 2, 1, 1, 1, 0, 1]",4851706486547901108,fea12cd781fcdddc38722fbc4d3406c99121280af4cffca2d52164b6effdae94,lib-v5-9ae9ffdd
syn-visual_dominant-conditional-r0,c07d667d-a07b-4c02-adaf-58e7dddbb578,completed,epsilon,1,34.311075,0.4892005715995897,diagram,"[1, 1, 2, 1, 0, 1, 0, 1]",16332781649364634472,fea12cd781fcdddc38722fbc4d3406c99121280af4cffca2d52164b6effdae94,lib-v5-9ae9ffdd
syn-visual_dominant-conditional-r1,b86e6ff3-8f47-4557-ab85-027228b02c41,completed,epsilon,2,43.612248,0.4542989753186694,diagram,"[1, 1, 2, 1, 0, 1, 0, 1]",11459948816038472414,fea12cd781fcdddc38722fbc4d3406c99121280af4cffca2d52164b6effdae94,lib-v5-9ae9ffdd
syn-visual_dominant-conditional-r2,f13fe26a-dc11-40ff-affc-36f6ff04c5ca,completed,epsilon,3,51.037778,0.4887934018048387,code,"[2, 1, 2, 0, 1, 1, 1, 1]",10059909912428452054,fea12cd781fcdddc38722fbc4d3406c99121280af4cffca2d52164b6effdae94,lib-v5-9ae9ffdd
syn-visual_dominant-conditional-r3,7f2fa30c-9523-4814-9ab4-e8e1ea663ff2,completed,epsilon,4,53.99749,0.47776789455711993,diagram,"[1, 1, 2, 1, 0, 0, 1, 1]",2930183473603978991,fea12cd781fcdddc38722fbc4d3406c99121280af4cffca2d52164b6effdae94,lib-v5-9ae9ffdd
syn-visual_dominant-conditional-r4,f473261c-4065-4a7a-b882-8ec0f042a77d,completed,epsilon,3,55.588832,0.4690135688374847,diagram,"[1, 1, 2, 0, 1, 0, 0, 1]",16318426402721689677,fea12cd781fcdddc38722fbc4d3406c99121280af4cffca2d52164b6effdae94,lib-v5-9ae9ffdd
syn-visual_dominant-functions-r0,539cb754-6e8a-4753-a40c-fc1ff724a0f0,completed,epsilon,1,33.451405,0.4985277100852105,diagram,"[1, 1, 2, 1, 1, 1, 0, 1]",8689096219724055629,fea12cd781fcdddc38722fbc4d3406c99121280af4cffca2d52164b6effdae94,lib-v5-9ae9ffdd
syn-visual_dominant-functions-r1,734ab605-5de0-428d-a58a-8678f676380c,completed,epsilon,2,43.151149,0.5021726307099533,code,"[2, 1, 2, 0, 1, 0, 0, 1]",5631696521970225217,fea12cd781fcdddc38722fbc4d3406c99121280af4cffca2d52164b6effdae94,lib-v5-9ae9ffdd
syn-visual_dominant-functions-r2,b3d32c43-4ff3-4620-96b8-be11c5d1c7aa,completed,epsilon,2,44.066683,0.475434252146212,diagram,"[1, 1, 2, 1, 1, 1, 1, 1]",2104583570937060507,fea12cd781fcdddc38722fbc4d3406c99121280af4cffca2d52164b6effdae94,lib-v5-9ae9ffdd
syn-visual_dominant-functions-r3,b2e20215-01f7-4107-a369-ec15038065c9,completed,epsilon,1,40.978052,0.4733826995614369,diagram,"[1, 1, 2, 0, 0, 1, 1, 1]",4553945896553004295,fea12cd781fcdddc38722fbc4d3406c99121280af4cffca2d52164b6effdae94,lib-v5-9ae9ffdd
syn-visual_dominant-functions-r4,095d7e75-313d-4971-984a-b3a59e263b17,completed,epsilon,3,47.216666,0.5078474778623524,code,"[2, 0, 2, 0, 0, 1, 1, 1]",5043834765630557078,fea12cd781fcdddc38722fbc4d3406c99121280af4cffca2d52164b6effdae94,lib-v5-9ae9ffdd
syn-visual_dominant-repetitive-r0,82b5a222-db44-4970-a1c6-6783304fe722,completed,epsilon,2,47.02679,0.4969513858996209,diagram,"[1, 0, 2, 1, 1, 1, 0, 1]",18367211878004067528,fea12cd781fcdddc38722fbc4d3406c99121280af4cffca2d52164b6effdae94,lib-v5-9ae9ffdd
syn-visual_dominant-repetitive-r1,4675545d-9960-4f70-9e9e-5fb07e76145b,completed,epsilon,2,37.670207,0.49215047753905145,code,"[2, 1, 2, 1, 1, 1, 1, 1]",16794827914602324258,fea12cd781fcdddc38722fbc4d3406c99121280af4cffca2d52164b6effdae94,lib-v5-9ae9ffdd
syn-visual_dominant-repetitive-r2,872d6ae6-89ff-4f0d-b65b-7120fbb6f332,completed,epsilon,1,36.121526,0.5181905981651524,code,"[2, 1, 2, 1, 1, 1, 0, 1]",4019336815059082525,fea12cd781fcdddc38722fbc4d3406c99121280af4cffca2d52164b6effdae94,lib-v5-9ae9ffdd
syn-visual_dominant-repetitive-r3,7026fd36-9d40-4896-955a-a487eb3c1552,completed,epsilon,2,60.814938,0.4894028300652375,diagram,"[1, 1, 2, 1, 0, 1, 0, 1]",16202747654229527130,fea12cd781fcdddc38722fbc4d3406c99121280af4cffca2d52164b6effdae94,lib-v5-9ae9ffdd
syn-visual_dominant-repetitive-r4,38ce6c42-5215-4623-82e2-2bc30493569f,completed,epsilon,2,41.244303,0.4674209674186947,diagram,"[1, 1, 2, 1, 0, 1, 0, 1]",14707601183123650669,fea12cd781fcdddc38722fbc4d3406c99121280af4cffca2d52164b6effdae94,lib-v5-9ae9ffdd
syn-visual_dominant-sequential-r0,0689d38d-a76a-4559-ae63-5c869b5a0941,completed,epsilon,1,53.605748,0.47408643885743135,diagram,"[1, 1, 2, 1, 1, 1, 0, 1]",4037703324791817429,fea12cd781fcdddc38722fbc4d3406c99121280af4cffca2d52164b6effdae94,lib-v5-9ae9ffdd
syn-visual_dominant-sequential-r1,1af7dd21-d9d0-48b3-8da8-a93d8cb15b55,completed,epsilon,1,36.898475,0.4696069788085833,diagram,"[1, 1, 2, 1, 0, 1, 1, 1]",253278759060043657,fea12cd781fcdddc38722fbc4d3406c99121280af4cffca2d52164b6effdae94,lib-v5-9ae9ffdd
syn-visual_dominant-sequential-r2,7ddac24e-43f5-4886-a5dd-0a3f4d0a2886,completed,epsilon,3,52.483672,0.4753838674264253,diagram,"[1, 0, 2, 0, 0, 1, 0, 1]",11743974019284003149,fea12cd781fcdddc38722fbc4d3406c99121280af4cffca2d52164b6effdae94,lib-v5-9ae9ffdd
syn-visual_dominant-sequential-r3,1967ec54-4bc4-4568-ae95-d33e847063fb,completed,epsilon,1,33.885578,0.4976324270939669,diagram,"[1, 1, 2, 1, 0, 1, 1, 1]",4080195676308017972,fea12cd781fcdddc38722fbc4d3406c99121280af4cffca2d52164b6effdae94,lib-v5-9ae9ffdd
syn-visual_dominant-sequential-r4,3c3fd7d0-5e05-4a35-a86b-b1652ade6649,completed,epsilon,2,37.260322,0.45473099607015194,diagram,"[1, 1, 2, 0, 1, 1, 0, 1]",7921009203477699903,fea12cd781fcdddc38722fbc4d3406c99121280af4cffca2d52164b6effdae94,lib-v5-9ae9ffdd
