profile_id,archetype,difficulty,concept,status,stop_reason,k_stop,t_conv_ms,total_ms,g_best_F,g_best_S,expected,predicted,gap_vs_bruteforce,n_optimal_configs,n_messages,comm_overhead_ms,error
syn-visual_dominant-sequential-r0,visual_dominant,sequential,Algoritmo,completed,epsilon,1,53.61,65.6,0.47408643885743135,"[1, 1, 2, 1, 1, 1, 0, 1]",diagram,diagram,0.008607411058801917,1,56,547.3270650051722,
syn-visual_dominant-sequential-r1,visual_dominant,sequential,Pensamiento computacional / proceso de resolución de problemas,completed,epsilon,1,36.9,44.19,0.4696069788085833,"[1, 1, 2, 1, 0, 1, 1, 1]",diagram,diagram,0.006148394665359325,1,59,208.84036000340785,
syn-visual_dominant-sequential-r2,visual_dominant,sequential,Representación de algoritmos,completed,epsilon,3,52.48,58.24,0.4753838674264253,"[1, 0, 2, 0, 0, 1, 0, 1]",diagram,diagram,0.0,1,69,179.0941920005843,
syn-visual_dominant-sequential-r3,visual_dominant,sequential,Estructura y sintaxis básica de un programa en Python,completed,epsilon,1,33.89,39.96,0.4976324270939669,"[1, 1, 2, 1, 0, 1, 1, 1]",diagram,diagram,0.006148394665359269,1,52,139.8738750000161,
syn-visual_dominant-sequential-r4,visual_dominant,sequential,Salida básica (print),completed,epsilon,2,37.26,42.88,0.45473099607015194,"[1, 1, 2, 0, 1, 1, 0, 1]",diagram,diagram,0.006147738062360575,1,52,131.9653799981949,
syn-visual_dominant-conditional-r0,visual_dominant,conditional,Condicionales básicos,completed,epsilon,1,34.31,40.73,0.4892005715995897,"[1, 1, 2, 1, 0, 1, 0, 1]",diagram,diagram,0.007327331318689623,1,51,160.26336099520213,
syn-visual_dominant-conditional-r1,visual_dominant,conditional,Condicionales anidados,completed,epsilon,2,43.61,49.91,0.4542989753186694,"[1, 1, 2, 1, 0, 1, 0, 1]",diagram,diagram,0.0031894002842068336,1,58,153.15155599743997,
syn-visual_dominant-conditional-r2,visual_dominant,conditional,Condicionales básicos,completed,epsilon,3,51.04,56.37,0.4887934018048387,"[2, 1, 2, 0, 1, 1, 1, 1]",diagram,code,0.007326674715690873,1,66,182.7560599869128,
syn-visual_dominant-conditional-r3,visual_dominant,conditional,Condicionales anidados,completed,epsilon,4,54.0,59.63,0.47776789455711993,"[1, 1, 2, 1, 0, 0, 1, 1]",diagram,diagram,6.566029986943001e-07,1,70,172.26818099701578,
syn-visual_dominant-conditional-r4,visual_dominant,conditional,Condicionales básicos,completed,epsilon,3,55.59,61.17,0.4690135688374847,"[1, 1, 2, 0, 1, 0, 0, 1]",diagram,diagram,0.0,1,69,180.50458900824006,
syn-visual_dominant-repetitive-r0,visual_dominant,repetitive,Bucle while,completed,epsilon,2,47.03,53.45,0.4969513858996209,"[1, 0, 2, 1, 1, 1, 0, 1]",diagram,diagram,6.566029987498112e-07,1,63,202.67942500423226,
syn-visual_dominant-repetitive-r1,visual_dominant,repetitive,Bucle for,completed,epsilon,2,37.67,43.36,0.49215047753905145,"[2, 1, 2, 1, 1, 1, 1, 1]",diagram,code,0.006148394665359325,1,57,154.58376699945933,
syn-visual_dominant-repetitive-r2,visual_dominant,repetitive,Bucles anidados,completed,epsilon,1,36.12,42.23,0.5181905981651524,"[2, 1, 2, 1, 1, 1, 0, 1]",diagram,code,0.006148394665359214,1,52,164.9203100034041,
syn-visual_dominant-repetitive-r3,visual_dominant,repetitive,Flujo de bucles (break/continue),completed,epsilon,2,60.81,66.76,0.4894028300652375,"[1, 1, 2, 1, 0, 1, 0, 1]",diagram,diagram,6.566029987498112e-07,1,63,265.68618499989645,
syn-visual_dominant-repetitive-r4,visual_dominant,repetitive,Bucle while,completed,epsilon,2,41.24,46.38,0.4674209674186947,"[1, 1, 2, 1, 0, 1, 0, 1]",diagram,diagram,0.00707432059128521,1,65,200.08481100064964,
syn-visual_dominant-arrays_vectors-r0,visual_dominant,arrays_vectors,Creación y estructura de arreglos (listas),completed,epsilon,1,26.25,32.21,0.48188171009483555,"[1, 1, 2, 1, 0, 1, 0, 1]",diagram,diagram,0.013475069381050198,1,45,109.49804300413777,
syn-visual_dominant-arrays_vectors-r1,visual_dominant,arrays_vectors,Indexación,completed,epsilon,3,49.52,54.7,0.45181679276779124,"[1, 1, 2, 0, 0, 0, 0, 0]",diagram,diagram,0.007797817212867486,1,62,183.19110400129466,
syn-visual_dominant-arrays_vectors-r2,visual_dominant,arrays_vectors,"Búsqueda (in, .index())",completed,epsilon,3,52.93,58.83,0.5209291534750805,"[1, 0, 2, 1, 1, 1, 1, 1]",diagram,diagram,0.007327331318689567,1,66,168.4227469953644,
syn-visual_dominant-arrays_vectors-r3,visual_dominant,arrays_vectors,"Modificación de tamaño (append, insert, remove, pop)",completed,epsilon,2,49.18,54.52,0.5393222721996709,"[0, 1, 2, 1, 1, 0, 0, 1]",diagram,diagram,0.0,1,60,194.0569560026033,
syn-visual_dominant-arrays_vectors-r4,visual_dominant,arrays_vectors,Slicing,completed,epsilon,1,37.72,43.79,0.5037064216223195,"[1, 1, 2, 1, 1, 1, 0, 1]",diagram,diagram,0.010815703411712896,1,59,249.73728099993372,
syn-visual_dominant-functions-r0,visual_dominant,functions,Definición e invocación de funciones,completed,epsilon,1,33.45,39.39,0.4985277100852105,"[1, 1, 2, 1, 1, 1, 0, 1]",diagram,diagram,0.006148394665359269,1,50,148.85524399889135,
syn-visual_dominant-functions-r1,visual_dominant,functions,Parámetros y argumentos,completed,epsilon,2,43.15,48.52,0.5021726307099533,"[2, 1, 2, 0, 1, 0, 0, 1]",diagram,code,0.006147738062360575,1,59,159.0550799916941,
syn-visual_dominant-functions-r2,visual_dominant,functions,Valores de retorno,completed,epsilon,2,44.07,50.07,0.475434252146212,"[1, 1, 2, 1, 1, 1, 1, 1]",diagram,diagram,0.007327331318689623,1,65,182.36758099191402,
syn-visual_dominant-functions-r3,visual_dominant,functions,Ámbito de variables,completed,epsilon,1,40.98,46.84,0.4733826995614369,"[1, 1, 2, 0, 0, 1, 1, 1]",diagram,diagram,0.013474412778051448,1,57,213.83775800742566,
syn-visual_dominant-functions-r4,visual_dominant,functions,Definición e invocación de funciones,completed,epsilon,3,47.22,52.35,0.5078474778623524,"[2, 0, 2, 0, 0, 1, 1, 1]",diagram,code,0.0016687474207018882,1,66,148.41642399582753,
syn-logical_syntactic-sequential-r0,logical_syntactic,sequential,Qué es un lenguaje de programación,completed,epsilon,1,35.69,41.71,0.4969567703156103,"[2, 1, 1, 1, 0, 1, 0, 1]",code,code,0.006148394665359269,1,47,130.80395599397616,
syn-logical_syntactic-sequential-r1,logical_syntactic,sequential,Variables,completed,epsilon,2,40.52,46.74,0.48328640639354675,"[2, 1, 1, 0, 1, 1, 0, 1]",code,code,0.006147738062360575,1,58,175.88771599696727,
syn-logical_syntactic-sequential-r2,logical_syntactic,sequential,Tipos de datos primitivos,completed,epsilon,1,39.31,45.25,0.5177365941383762,"[2, 1, 0, 1, 1, 1, 1, 1]",code,code,6.566029986387889e-07,1,61,257.2700949958361,
syn-logical_syntactic-sequential-r3,logical_syntactic,sequential,Entrada básica (input()),completed,epsilon,1,35.6,41.64,0.46278074936026403,"[2, 1, 1, 1, 0, 1, 1, 0]",code,code,0.01864762008818116,1,53,174.0999909994092,
syn-logical_syntactic-sequential-r4,logical_syntactic,sequential,Conversión de tipos,completed,epsilon,1,35.67,42.07,0.4893347169231577,"[2, 1, 1, 1, 1, 1, 0, 1]",code,code,0.013475069381050198,1,48,152.51946799695216,
syn-logical_syntactic-conditional-r0,logical_syntactic,conditional,Condicionales anidados,completed,epsilon,1,38.88,44.72,0.47603503736410974,"[2, 1, 1, 0, 0, 1, 0, 1]",code,code,0.003188743681208084,1,58,186.73889499420108,
syn-logical_syntactic-conditional-r1,logical_syntactic,conditional,Condicionales básicos,completed,epsilon,1,55.33,60.45,0.42696183996070985,"[1, 1, 0, 1, 0, 0, 0, 1]",code,code,0.04521934545161305,1,54,165.31491999486772,
syn-logical_syntactic-conditional-r2,logical_syntactic,conditional,Condicionales anidados,completed,epsilon,2,38.75,44.88,0.485514908274654,"[2, 1, 2, 1, 0, 0, 1, 1]",code,code,0.00160328528749204,1,58,156.22462299909682,
syn-logical_syntactic-conditional-r3,logical_syntactic,conditional,Condicionales básicos,completed,epsilon,1,37.34,42.76,0.4822954109494831,"[2, 1, 1, 1, 0, 1, 0, 1]",code,code,0.007327331318689623,1,59,217.1877199931384,
syn-logical_syntactic-conditional-r4,logical_syntactic,conditional,Condicionales anidados,completed,epsilon,1,38.39,43.49,0.5047565202698496,"[2, 1, 1, 1, 1, 1, 1, 1]",code,code,0.003189400284206889,1,57,183.43341399678684,
syn-logical_syntactic-repetitive-r0,logical_syntactic,repetitive,Bucle for,completed,epsilon,1,31.8,36.81,0.47150969593643716,"[2, 1, 2, 1, 0, 1, 1, 1]",code,code,0.006148394665359325,1,51,152.51684600515708,
syn-logical_syntactic-repetitive-r1,logical_syntactic,repetitive,Bucles anidados,completed,epsilon,1,38.81,44.24,0.4893696718778571,"[2, 1, 1, 1, 0, 1, 0, 1]",code,code,0.006148394665359325,1,61,183.13275999989003,
syn-logical_syntactic-repetitive-r2,logical_syntactic,repetitive,Flujo de bucles (break/continue),completed,epsilon,1,44.22,49.69,0.4927621027927142,"[2, 1, 1, 1, 1, 1, 1, 1]",code,code,6.566029987498112e-07,1,59,220.4733580007209,
syn-logical_syntactic-repetitive-r3,logical_syntactic,repetitive,Bucle while,completed,epsilon,1,40.45,46.19,0.4801091510260335,"[2, 1, 0, 0, 1, 1, 0, 1]",code,code,0.008946780223483053,1,53,155.21111699844707,
syn-logical_syntactic-repetitive-r4,logical_syntactic,repetitive,Bucle for,completed,epsilon,2,39.89,45.12,0.4451386030111189,"[2, 1, 0, 0, 1, 1, 0, 1]",code,code,0.006147738062360575,1,57,191.64003199600725,
syn-logical_syntactic-arrays_vectors-r0,logical_syntactic,arrays_vectors,Creación y estructura de arreglos (listas),completed,epsilon,1,28.99,34.24,0.49864858641898496,"[2, 1, 1, 0, 0, 1, 1, 1]",code,code,0.013474412778051448,1,46,111.91340600042322,
syn-logical_syntactic-arrays_vectors-r1,logical_syntactic,arrays_vectors,Indexación,completed,epsilon,2,39.03,45.16,0.4761442057960404,"[2, 1, 1, 1, 1, 1, 1, 1]",code,code,0.014322527008168884,1,60,173.03485199272833,
syn-logical_syntactic-arrays_vectors-r2,logical_syntactic,arrays_vectors,"Búsqueda (in, .index())",completed,epsilon,1,36.26,41.62,0.5116526442398144,"[2, 1, 1, 1, 0, 1, 0, 1]",code,code,0.013475069381050253,1,58,184.97485599649488,
syn-logical_syntactic-arrays_vectors-r3,logical_syntactic,arrays_vectors,"Modificación de tamaño (append, insert, remove, pop)",completed,epsilon,1,36.56,42.51,0.5313185657887076,"[2, 1, 1, 1, 1, 1, 1, 1]",code,code,0.007976025365041606,1,51,137.92724400635436,
syn-logical_syntactic-arrays_vectors-r4,logical_syntactic,arrays_vectors,Slicing,completed,epsilon,2,33.08,39.03,0.48402778055209056,"[2, 1, 1, 1, 0, 0, 1, 1]",code,code,6.566029986943001e-07,1,53,144.9445989954929,
syn-logical_syntactic-functions-r0,logical_syntactic,functions,Parámetros y argumentos,completed,epsilon,1,39.22,45.69,0.5085218261913698,"[2, 1, 1, 1, 1, 1, 0, 1]",code,code,0.013475069381050142,1,56,171.60834000051696,
syn-logical_syntactic-functions-r1,logical_syntactic,functions,Valores de retorno,completed,epsilon,1,33.48,38.82,0.4992931299547249,"[2, 1, 1, 1, 1, 1, 0, 1]",code,code,0.007327331318689623,1,50,145.7248670029196,
syn-logical_syntactic-functions-r2,logical_syntactic,functions,Ámbito de variables,completed,epsilon,3,53.95,59.76,0.5046287506271597,"[2, 0, 0, 1, 1, 0, 1, 1]",code,code,6.566029987498112e-07,1,67,180.0681200010366,
syn-logical_syntactic-functions-r3,logical_syntactic,functions,Definición e invocación de funciones,completed,epsilon,1,36.16,41.32,0.48709952065952483,"[2, 1, 1, 1, 1, 1, 0, 1]",code,code,0.006148394665359325,1,59,200.25202100255626,
syn-logical_syntactic-functions-r4,logical_syntactic,functions,Parámetros y argumentos,completed,epsilon,2,41.58,48.78,0.44018403130105205,"[2, 1, 1, 0, 0, 1, 0, 0]",code,code,0.02228909420652153,1,61,194.2745430030786,
syn-explanatory_conceptual-sequential-r0,explanatory_conceptual,sequential,Operadores aritméticos básicos,completed,epsilon,2,41.73,47.16,0.44156511377413205,"[1, 1, 0, 1, 2, 1, 0, 1]",text,text,0.032312534576735386,1,58,156.81152200006971,
syn-explanatory_conceptual-sequential-r1,explanatory_conceptual,sequential,División entera y módulo,completed,epsilon,1,44.14,49.96,0.47349237731253363,"[0, 1, 0, 1, 2, 1, 0, 1]",text,text,6.566029987498112e-07,2,59,209.4283200037792,
syn-explanatory_conceptual-sequential-r2,explanatory_conceptual,sequential,Comparación y operadores relacionales,completed,epsilon,3,49.13,54.67,0.46744532221615154,"[1, 0, 1, 2, 2, 0, 1, 0]",text,text,0.0016508073829236691,1,67,176.73909200067195,
syn-explanatory_conceptual-sequential-r3,explanatory_conceptual,sequential,Operadores lógicos,completed,epsilon,4,56.52,63.08,0.44971615494764744,"[1, 1, 1, 1, 2, 1, 1, 1]",text,text,0.006148394665359325,1,70,212.4503820001442,
syn-explanatory_conceptual-sequential-r4,explanatory_conceptual,sequential,Expresiones y precedencia,completed,epsilon,2,47.99,54.14,0.4679303324930686,"[1, 1, 1, 0, 2, 0, 0, 2]",text,text,0.017964382611413754,1,65,200.3158940055866,
syn-explanatory_conceptual-conditional-r0,explanatory_conceptual,conditional,Condicionales básicos,completed,epsilon,1,33.63,39.28,0.5085592641724763,"[2, 1, 1, 1, 2, 1, 1, 1]",text,code,0.007327331318689678,1,56,175.208952992056,
syn-explanatory_conceptual-conditional-r1,explanatory_conceptual,conditional,Condicionales anidados,completed,epsilon,3,42.99,48.06,0.49922046577969836,"[1, 1, 1, 0, 2, 0, 1, 1]",text,text,0.0,1,61,123.01647999728462,
syn-explanatory_conceptual-conditional-r2,explanatory_conceptual,conditional,Condicionales básicos,completed,epsilon,2,45.9,53.96,0.510660700930949,"[1, 1, 2, 1, 2, 0, 1, 1]",text,diagram,6.566029987498112e-07,1,63,179.2386390136794,
syn-explanatory_conceptual-conditional-r3,explanatory_conceptual,conditional,Condicionales anidados,completed,epsilon,3,44.8,50.31,0.45178565188494574,"[1, 1, 0, 1, 2, 1, 0, 1]",text,text,0.0031894002842068336,1,57,119.07967700222956,
syn-explanatory_conceptual-conditional-r4,explanatory_conceptual,conditional,Condicionales básicos,completed,epsilon,3,51.07,56.21,0.4854920720090062,"[1, 1, 1, 1, 2, 0, 0, 1]",text,text,6.566029986943001e-07,1,69,196.08008500777026,
syn-explanatory_conceptual-repetitive-r0,explanatory_conceptual,repetitive,Bucles anidados,completed,epsilon,2,36.85,41.7,0.47306837817189545,"[1, 0, 1, 1, 2, 1, 0, 1]",text,text,6.566029987498112e-07,1,53,132.99950499065045,
syn-explanatory_conceptual-repetitive-r1,explanatory_conceptual,repetitive,Flujo de bucles (break/continue),completed,epsilon,2,50.12,54.98,0.5096142744909826,"[1, 1, 1, 0, 2, 1, 1, 1]",text,text,0.0,1,60,178.42396400154783,
syn-explanatory_conceptual-repetitive-r2,explanatory_conceptual,repetitive,Bucle while,completed,epsilon,2,46.18,51.13,0.49249406440485816,"[2, 1, 1, 1, 2, 1, 1, 1]",text,code,0.00707432059128521,1,62,157.75222900483956,
syn-explanatory_conceptual-repetitive-r3,explanatory_conceptual,repetitive,Bucle for,completed,epsilon,1,39.19,44.46,0.4884233511077413,"[2, 1, 1, 1, 2, 1, 1, 1]",text,code,0.006148394665359325,1,56,199.97782500495848,
syn-explanatory_conceptual-repetitive-r4,explanatory_conceptual,repetitive,Bucles anidados,completed,epsilon,1,40.61,45.83,0.47487411258206974,"[1, 1, 0, 1, 2, 1, 1, 1]",text,text,0.006148394665359325,1,59,186.45421900117717,
syn-explanatory_conceptual-arrays_vectors-r0,explanatory_conceptual,arrays_vectors,Creación y estructura de arreglos (listas),completed,epsilon,3,45.72,51.59,0.5320772184498709,"[1, 0, 1, 1, 2, 0, 0, 1]",text,text,6.566029987498112e-07,1,69,199.235753995434,
syn-explanatory_conceptual-arrays_vectors-r1,explanatory_conceptual,arrays_vectors,Indexación,completed,epsilon,1,39.46,44.53,0.48235892084604054,"[0, 1, 0, 1, 2, 1, 1, 1]",text,text,0.014322527008168884,1,61,211.1427290015775,
syn-explanatory_conceptual-arrays_vectors-r2,explanatory_conceptual,arrays_vectors,"Búsqueda (in, .index())",completed,epsilon,1,36.41,41.83,0.521068685816388,"[0, 1, 2, 1, 2, 1, 1, 1]",text,diagram,0.013475069381050253,1,59,198.72257999448001,
syn-explanatory_conceptual-arrays_vectors-r3,explanatory_conceptual,arrays_vectors,"Modificación de tamaño (append, insert, remove, pop)",completed,epsilon,1,38.7,44.08,0.5108507295154223,"[0, 1, 1, 1, 2, 1, 0, 1]",text,text,0.007976025365041606,1,58,197.28621800160826,
syn-explanatory_conceptual-arrays_vectors-r4,explanatory_conceptual,arrays_vectors,Slicing,completed,epsilon,1,37.14,42.37,0.5239134742473572,"[1, 1, 1, 1, 2, 1, 1, 1]",text,text,0.010815703411712785,1,56,177.23621599996181,
syn-explanatory_conceptual-functions-r0,explanatory_conceptual,functions,Valores de retorno,completed,epsilon,1,34.4,39.89,0.5155170075821429,"[1, 0, 1, 0, 2, 0, 1, 0]",text,text,0.0066134521992574635,1,50,142.2303260072657,
syn-explanatory_conceptual-functions-r1,explanatory_conceptual,functions,Ámbito de variables,completed,epsilon,1,35.93,41.06,0.5063694495480564,"[2, 1, 1, 1, 2, 1, 0, 1]",text,code,0.013475069381050253,1,51,162.63205699759416,
syn-explanatory_conceptual-functions-r2,explanatory_conceptual,functions,Definición e invocación de funciones,completed,epsilon,1,36.98,41.95,0.4869484630448299,"[1, 1, 1, 1, 2, 1, 1, 1]",text,text,0.006148394665359325,1,56,201.10467299294993,
syn-explanatory_conceptual-functions-r3,explanatory_conceptual,functions,Parámetros y argumentos,completed,epsilon,1,36.99,41.98,0.5030151752165939,"[1, 0, 1, 0, 2, 1, 1, 0]",text,text,0.008976753866197784,1,53,167.26912200438335,
syn-explanatory_conceptual-functions-r4,explanatory_conceptual,functions,Valores de retorno,completed,epsilon,1,36.55,41.45,0.5037584760419855,"[1, 1, 1, 1, 2, 1, 1, 1]",text,text,0.007327331318689567,1,56,173.0325550043521,
syn-balanced_multimodal-sequential-r0,balanced_multimodal,sequential,Algoritmo,completed,epsilon,2,41.29,46.43,0.5017522435367227,"[1, 0, 2, 1, 1, 1, 1, 1]",code,diagram,6.566029986387889e-07,1,57,162.19550699560915,
syn-balanced_multimodal-sequential-r1,balanced_multimodal,sequential,Pensamiento computacional / proceso de resolución de problemas,completed,epsilon,1,35.88,41.49,0.48660245859558643,"[2, 1, 2, 1, 1, 1, 1, 1]",code,code,0.006148394665359325,1,49,135.7772929955435,
syn-balanced_multimodal-sequential-r2,balanced_multimodal,sequential,Representación de algoritmos,completed,epsilon,2,38.19,43.11,0.5264392576678812,"[2, 0, 1, 0, 1, 1, 1, 1]",code,code,0.0,1,55,121.09790100359842,
syn-balanced_multimodal-sequential-r3,balanced_multimodal,sequential,Estructura y sintaxis básica de un programa en Python,completed,epsilon,1,36.49,41.54,0.5063353262743951,"[1, 1, 1, 0, 2, 1, 1, 1]",code,text,0.006147738062360575,1,57,183.273894005192,
syn-balanced_multimodal-sequential-r4,balanced_multimodal,sequential,Salida básica (print),completed,epsilon,2,44.2,50.03,0.5133193622864022,"[1, 0, 1, 0, 1, 1, 1, 1]",code,code,0.0,3,62,184.11539599941906,
syn-balanced_multimodal-conditional-r0,balanced_multimodal,conditional,Condicionales anidados,completed,epsilon,2,42.32,47.24,0.5118157169011248,"[2, 1, 1, 1, 1, 0, 1, 1]",code,code,6.566029987498112e-07,1,63,191.86799899947104,
syn-balanced_multimodal-conditional-r1,balanced_multimodal,conditional,Condicionales básicos,completed,epsilon,2,41.15,46.19,0.5191661588161685,"[2, 1, 2, 0, 2, 0, 2, 1]",code,code,0.0,3,60,134.03612499259978,
syn-balanced_multimodal-conditional-r2,balanced_multimodal,conditional,Condicionales anidados,completed,epsilon,4,54.94,60.22,0.5197379111176545,"[2, 1, 2, 0, 2, 0, 2, 1]",code,code,0.0,3,73,232.75667199499392,
syn-balanced_multimodal-conditional-r3,balanced_multimodal,conditional,Condicionales básicos,completed,epsilon,2,47.32,52.66,0.4912837776075252,"[1, 1, 1, 0, 2, 0, 0, 1]",code,text,0.0006078305797371231,1,65,205.35019200421013,
syn-balanced_multimodal-conditional-r4,balanced_multimodal,conditional,Condicionales anidados,completed,epsilon,1,41.56,46.65,0.5141791293136804,"[2, 1, 1, 1, 2, 1, 2, 1]",code,code,0.003189400284206778,1,59,220.0846239940815,
syn-balanced_multimodal-repetitive-r0,balanced_multimodal,repetitive,Flujo de bucles (break/continue),completed,epsilon,1,37.98,42.83,0.5424714632138072,"[2, 1, 1, 1, 1, 1, 2, 1]",code,code,6.566029986387889e-07,1,50,128.34411799859745,
syn-balanced_multimodal-repetitive-r1,balanced_multimodal,repetitive,Bucle while,completed,epsilon,1,35.38,40.39,0.5298616094996285,"[2, 1, 2, 1, 2, 1, 1, 1]",code,code,0.007074320591285099,1,53,155.74749599887144,
syn-balanced_multimodal-repetitive-r2,balanced_multimodal,repetitive,Bucle for,completed,epsilon,1,37.08,42.34,0.5077720332100906,"[2, 1, 2, 1, 1, 1, 2, 1]",code,code,0.006148394665359325,1,61,216.28771000056292,
syn-balanced_multimodal-repetitive-r3,balanced_multimodal,repetitive,Bucles anidados,completed,epsilon,1,40.65,45.96,0.5192255613087113,"[1, 1, 2, 1, 2, 1, 1, 1]",code,diagram,0.006148394665359325,1,51,145.02864599545768,
syn-balanced_multimodal-repetitive-r4,balanced_multimodal,repetitive,Flujo de bucles (break/continue),completed,epsilon,1,42.82,47.99,0.5396023198486004,"[2, 1, 1, 1, 1, 1, 2, 1]",code,code,6.566029986387889e-07,1,56,201.07092899701064,
syn-balanced_multimodal-arrays_vectors-r0,balanced_multimodal,arrays_vectors,Creación y estructura de arreglos (listas),completed,epsilon,1,30.77,35.72,0.5221946453223283,"[2, 1, 1, 1, 2, 1, 1, 1]",code,code,0.013475069381050253,1,54,182.24721299917422,
syn-balanced_multimodal-arrays_vectors-r1,balanced_multimodal,arrays_vectors,Indexación,completed,epsilon,1,39.4,44.21,0.5117251097861475,"[1, 1, 2, 1, 2, 1, 2, 1]",code,diagram,0.014322527008168828,1,55,145.21868999700501,
syn-balanced_multimodal-arrays_vectors-r2,balanced_multimodal,arrays_vectors,"Búsqueda (in, .index())",completed,epsilon,1,30.52,35.86,0.5415301059926236,"[1, 1, 1, 1, 2, 1, 1, 1]",code,text,0.013475069381050142,1,51,146.67886600149623,
syn-balanced_multimodal-arrays_vectors-r3,balanced_multimodal,arrays_vectors,"Modificación de tamaño (append, insert, remove, pop)",completed,epsilon,2,45.61,50.66,0.5440737012309234,"[1, 1, 1, 1, 1, 0, 1, 1]",code,code,0.019041613531884827,1,62,153.18647600128745,
syn-balanced_multimodal-arrays_vectors-r4,balanced_multimodal,arrays_vectors,Slicing,completed,epsilon,2,40.82,46.58,0.5435332450715451,"[2, 1, 1, 0, 1, 0, 1, 1]",code,code,0.0,1,58,178.4040440020486,
syn-balanced_multimodal-functions-r0,balanced_multimodal,functions,Ámbito de variables,completed,epsilon,1,36.92,42.05,0.5312552525800351,"[2, 1, 2, 0, 1, 0, 1, 1]",code,code,0.006147738062360575,1,54,146.9065260070096,
syn-balanced_multimodal-functions-r1,balanced_multimodal,functions,Definición e invocación de funciones,completed,epsilon,1,35.49,40.66,0.5125943923182161,"[2, 1, 1, 1, 1, 1, 2, 1]",code,code,0.006148394665359214,1,55,184.58227900088292,
syn-balanced_multimodal-functions-r2,balanced_multimodal,functions,Parámetros y argumentos,completed,epsilon,1,37.85,43.77,0.5111344589563198,"[2, 1, 1, 1, 1, 1, 1, 1]",code,code,0.013475069381050142,1,56,246.18155300579136,
syn-balanced_multimodal-functions-r3,balanced_multimodal,functions,Valores de retorno,completed,epsilon,1,36.08,41.5,0.5214708192398176,"[1, 1, 2, 1, 2, 1, 1, 1]",code,diagram,0.007327331318689567,1,59,189.85186000203626,
syn-balanced_multimodal-functions-r4,balanced_multimodal,functions,Ámbito de variables,completed,epsilon,4,53.57,58.83,0.510131213233446,"[1, 0, 2, 1, 1, 0, 1, 1]",code,diagram,6.566029987498112e-07,1,67,145.45810600231056,
