Timestamp,User Count,Type,Name,Requests/s,Failures/s,50%,66%,75%,80%,90%,95%,98%,99%,99.9%,99.99%,100%,Total Request Count,Total Failure Count,Total Median Response Time,Total Average Response Time,Total Min Response Time,Total Max Response Time,Total Average Content Size
1790222473,0,,Aggregated,0.000000,0.000000,N/A,N/A,N/A,N/A,N/A,N/A,N/A,N/A,N/A,N/A,N/A,0,0,0,0.0,0,0,0
1790222474,1,POST,POST /api/adaptation,0.000000,0.000000,0,0,0,0,0,0,0,0,0,0,0,16,0,59,62.12296231274195,52.8990180027904,83.44430800207192,7288.75
1790222474,1,,Aggregated,0.000000,0.000000,0,0,0,0,0,0,0,0,0,0,0,16,0,59,62.12296231274195,52.8990180027904,83.44430800207192,7288.75
1790222475,1,POST,POST /api/adaptation,0.000000,0.000000,66,72,77,79,84,93,110,110,110,110,110,29,0,65,67.9346075517844,52.8990180027904,105.83827699883841,7137.758620689655
1790222475,1,,Aggregated,0.000000,0.000000,66,72,77,79,84,93,110,110,110,110,110,29,0,65,67.9346075517844,52.8990180027904,105.83827699883841,7137.758620689655
1790222476,1,POST,POST /api/adaptation,4.000000,0.000000,64,66,71,72,79,84,110,110,110,110,110,46,0,63,64.44722797823488,49.351518999174004,105.83827699883841,6999.260869565217
1790222476,1,,Aggregated,4.000000,0.000000,64,66,71,72,79,84,110,110,110,110,110,46,0,63,64.44722797823488,49.351518999174004,105.83827699883841,6999.260869565217
1790222477,1,POST,POST /api/adaptation,9.500000,0.000000,65,71,77,79,89,93,98,110,110,110,110,59,0,64,66.90557413556667,49.351518999174004,105.83827699883841,7015.881355932203
1790222477,1,,Aggregated,9.500000,0.000000,65,71,77,79,89,93,98,110,110,110,110,59,0,64,66.90557413556667,49.351518999174004,105.83827699883841,7015.881355932203
1790222478,1,POST,POST /api/adaptation,11.333333,0.000000,64,69,75,77,87,93,98,110,110,110,110,75,0,64,66.27201906662474,49.351518999174004,105.83827699883841,6995.586666666667
1790222478,1,,Aggregated,11.333333,0.000000,64,69,75,77,87,93,98,110,110,110,110,75,0,64,66.27201906662474,49.351518999174004,105.83827699883841,6995.586666666667
1790222479,1,POST,POST /api/adaptation,12.500000,0.000000,64,69,73,77,84,92,98,110,110,110,110,91,0,63,65.62798874729997,47.49332599749323,105.83827699883841,7011.846153846154
1790222479,1,,Aggregated,12.500000,0.000000,64,69,73,77,84,92,98,110,110,110,110,91,0,63,65.62798874729997,47.49332599749323,105.83827699883841,7011.846153846154
1790222480,1,POST,POST /api/adaptation,12.600000,0.000000,64,68,72,75,82,89,93,98,110,110,110,107,0,63,65.27395302814129,47.49332599749323,105.83827699883841,6998.77570093458
1790222480,1,,Aggregated,12.600000,0.000000,64,68,72,75,82,89,93,98,110,110,110,107,0,63,65.27395302814129,47.49332599749323,105.83827699883841,6998.77570093458
1790222481,1,POST,POST /api/adaptation,13.166667,0.000000,64,68,71,73,82,89,93,98,110,110,110,122,0,64,65.03628269680031,47.49332599749323,105.83827699883841,6976.360655737705
1790222481,1,,Aggregated,13.166667,0.000000,64,68,71,73,82,89,93,98,110,110,110,122,0,64,65.03628269680031,47.49332599749323,105.83827699883841,6976.360655737705
1790222482,1,POST,POST /api/adaptation,13.571429,0.000000,63,67,69,73,81,89,93,98,110,110,110,139,0,63,64.50720539570618,45.54364300201996,105.83827699883841,6946.273381294964
1790222482,1,,Aggregated,13.571429,0.000000,63,67,69,73,81,89,93,98,110,110,110,139,0,63,64.50720539570618,45.54364300201996,105.83827699883841,6946.273381294964
1790222483,1,POST,POST /api/adaptation,13.875000,0.000000,63,67,70,72,81,89,96,98,110,110,110,154,0,63,64.46789989609165,45.54364300201996,105.83827699883841,6966.032467532467
1790222483,1,,Aggregated,13.875000,0.000000,63,67,70,72,81,89,96,98,110,110,110,154,0,63,64.46789989609165,45.54364300201996,105.83827699883841,6966.032467532467
1790222484,1,POST,POST /api/adaptation,14.111111,0.000000,63,67,69,72,79,89,93,98,110,110,110,171,0,63,64.18341615200958,45.54364300201996,105.83827699883841,6970.450292397661
1790222484,1,,Aggregated,14.111111,0.000000,63,67,69,72,79,89,93,98,110,110,110,171,0,63,64.18341615200958,45.54364300201996,105.83827699883841,6970.450292397661
1790222485,1,POST,POST /api/adaptation,14.300000,0.000000,63,67,69,70,77,87,92,96,98,98,98,186,0,63,64.11861903221526,45.54364300201996,105.83827699883841,6980.645161290323
1790222485,1,,Aggregated,14.300000,0.000000,63,67,69,70,77,87,92,96,98,98,98,186,0,63,64.11861903221526,45.54364300201996,105.83827699883841,6980.645161290323
1790222486,1,POST,POST /api/adaptation,15.500000,0.000000,63,67,69,70,78,88,93,98,180,180,180,201,0,62,64.46309348254331,45.54364300201996,182.6294219972624,7000.07960199005
1790222486,1,,Aggregated,15.500000,0.000000,63,67,69,70,78,88,93,98,180,180,180,201,0,62,64.46309348254331,45.54364300201996,182.6294219972624,7000.07960199005
1790222487,1,POST,POST /api/adaptation,15.600000,0.000000,62,65,68,69,73,79,87,96,180,180,180,216,0,63,64.40243626847978,45.54364300201996,182.6294219972624,7005.384259259259
1790222487,1,,Aggregated,15.600000,0.000000,62,65,68,69,73,79,87,96,180,180,180,216,0,63,64.40243626847978,45.54364300201996,182.6294219972624,7005.384259259259
1790222488,1,POST,POST /api/adaptation,15.500000,0.000000,61,65,69,70,73,78,82,96,180,180,180,233,0,62,64.05721962226599,45.54364300201996,182.6294219972624,7028.489270386266
1790222488,1,,Aggregated,15.500000,0.000000,61,65,69,70,73,78,82,96,180,180,180,233,0,62,64.05721962226599,45.54364300201996,182.6294219972624,7028.489270386266
1790222489,1,POST,POST /api/adaptation,15.500000,0.000000,62,65,69,70,73,77,82,96,180,180,180,248,0,63,64.18398612899064,45.54364300201996,182.6294219972624,7008.947580645161
1790222489,1,,Aggregated,15.500000,0.000000,62,65,69,70,73,77,82,96,180,180,180,248,0,63,64.18398612899064,45.54364300201996,182.6294219972624,7008.947580645161
1790222490,1,POST,POST /api/adaptation,15.800000,0.000000,61,65,69,70,74,78,82,96,180,180,180,264,0,62,64.05448157194328,45.54364300201996,182.6294219972624,7007.518939393939
1790222490,1,,Aggregated,15.800000,0.000000,61,65,69,70,74,78,82,96,180,180,180,264,0,62,64.05448157194328,45.54364300201996,182.6294219972624,7007.518939393939
1790222491,1,POST,POST /api/adaptation,15.800000,0.000000,61,66,69,70,74,77,82,96,180,180,180,281,0,62,63.90679947687731,45.54364300201996,182.6294219972624,7031.928825622776
1790222491,1,,Aggregated,15.800000,0.000000,61,66,69,70,74,77,82,96,180,180,180,281,0,62,63.90679947687731,45.54364300201996,182.6294219972624,7031.928825622776
1790222492,1,POST,POST /api/adaptation,15.700000,0.000000,61,65,69,70,75,77,81,96,180,180,180,296,0,62,63.89374045274225,45.54364300201996,182.6294219972624,7037.9121621621625
1790222492,1,,Aggregated,15.700000,0.000000,61,65,69,70,75,77,81,96,180,180,180,296,0,62,63.89374045274225,45.54364300201996,182.6294219972624,7037.9121621621625
1790222493,1,POST,POST /api/adaptation,15.700000,0.000000,61,65,69,70,74,76,80,82,180,180,180,314,0,62,63.56687451276739,45.54364300201996,182.6294219972624,7057.426751592357
1790222493,1,,Aggregated,15.700000,0.000000,61,65,69,70,74,76,80,82,180,180,180,314,0,62,63.56687451276739,45.54364300201996,182.6294219972624,7057.426751592357
1790222494,1,POST,POST /api/adaptation,15.700000,0.000000,61,65,68,71,75,76,80,82,180,180,180,329,0,62,63.57131124924643,45.54364300201996,182.6294219972624,7066.425531914893
1790222494,1,,Aggregated,15.700000,0.000000,61,65,68,71,75,76,80,82,180,180,180,329,0,62,63.57131124924643,45.54364300201996,182.6294219972624,7066.425531914893
1790222495,1,POST,POST /api/adaptation,15.700000,0.000000,60,65,68,70,75,76,79,81,82,82,82,345,0,62,63.4866031304346,45.54364300201996,182.6294219972624,7086.298550724638
1790222495,1,,Aggregated,15.700000,0.000000,60,65,68,70,75,76,79,81,82,82,82,345,0,62,63.4866031304346,45.54364300201996,182.6294219972624,7086.298550724638
1790222496,1,POST,POST /api/adaptation,15.900000,0.000000,61,65,68,70,75,76,79,81,82,82,82,362,0,62,63.41467556351177,45.54364300201996,182.6294219972624,7088.977900552486
1790222496,1,,Aggregated,15.900000,0.000000,61,65,68,70,75,76,79,81,82,82,82,362,0,62,63.41467556351177,45.54364300201996,182.6294219972624,7088.977900552486
1790222497,1,POST,POST /api/adaptation,15.800000,0.000000,60,65,67,68,75,76,79,81,82,82,82,378,0,62,63.263851290964226,45.54364300201996,182.6294219972624,7086.246031746032
1790222497,1,,Aggregated,15.800000,0.000000,60,65,67,68,75,76,79,81,82,82,82,378,0,62,63.263851290964226,45.54364300201996,182.6294219972624,7086.246031746032
1790222498,1,POST,POST /api/adaptation,16.000000,0.000000,60,65,67,68,75,78,80,86,93,93,93,394,0,62,63.30543175378811,45.54364300201996,182.6294219972624,7091.44923857868
1790222498,1,,Aggregated,16.000000,0.000000,60,65,67,68,75,78,80,86,93,93,93,394,0,62,63.30543175378811,45.54364300201996,182.6294219972624,7091.44923857868
1790222499,1,POST,POST /api/adaptation,16.100000,0.000000,61,65,67,68,75,78,80,86,93,93,93,409,0,62,63.35891668211505,45.54364300201996,182.6294219972624,7085.828850855746
1790222499,1,,Aggregated,16.100000,0.000000,61,65,67,68,75,78,80,86,93,93,93,409,0,62,63.35891668211505,45.54364300201996,182.6294219972624,7085.828850855746
1790222500,1,POST,POST /api/adaptation,16.100000,0.000000,61,65,67,68,75,78,80,93,110,110,110,425,0,62,63.376696818818075,45.54364300201996,182.6294219972624,7089.957647058824
1790222500,1,,Aggregated,16.100000,0.000000,61,65,67,68,75,78,80,93,110,110,110,425,0,62,63.376696818818075,45.54364300201996,182.6294219972624,7089.957647058824
1790222501,1,POST,POST /api/adaptation,16.100000,0.000000,61,65,67,68,75,78,80,93,110,110,110,440,0,62,63.4714766318046,45.54364300201996,182.6294219972624,7082.7
1790222501,1,,Aggregated,16.100000,0.000000,61,65,67,68,75,78,80,93,110,110,110,440,0,62,63.4714766318046,45.54364300201996,182.6294219972624,7082.7
1790222502,1,POST,POST /api/adaptation,16.100000,0.000000,61,65,68,70,75,78,80,93,110,110,110,456,0,62,63.45944925218199,45.54364300201996,182.6294219972624,7087.598684210527
1790222502,1,,Aggregated,16.100000,0.000000,61,65,68,70,75,78,80,93,110,110,110,456,0,62,63.45944925218199,45.54364300201996,182.6294219972624,7087.598684210527
