concept_id,learning_objective_id,profile,condition_experimental,configuration_control,d1_experimental,d1_control,difference_d1
00487b68-67d6-452f-9880-caced48934ae,b4a98d92-9c51-44ff-a52c-b5605a036e15,E2,visual/fundamentos,mixta/aplicacion,1,1,0
040f9986-326a-4e27-aa29-709543645b60,4b300b0a-7470-42cf-856a-66b4a1c018b4,E1,mixta/fundamentos,mixta/aplicacion,2,2,0
0a52084c-04e8-4bac-8fb0-d9b09e4e2966,7bf31573-e7d9-4a44-ab9e-2b2f6e2793f2,E2,visual/fundamentos,mixta/aplicacion,2,2,0
0f92cec5-b5cb-4bde-8571-05999e6631a0,87809311-8783-49d7-9b43-5d46dfef1340,E1,mixta/fundamentos,mixta/aplicacion,2,2,0
114a7732-9c9a-4f97-a144-35215962df51,b4a98d92-9c51-44ff-a52c-b5605a036e15,E1,mixta/fundamentos,mixta/aplicacion,2,2,0
11725a26-99e9-43a1-b367-e069012442f3,d90a398d-f8eb-4ef0-aade-3155528983c3,E2,visual/fundamentos,mixta/aplicacion,2,2,0
190bb491-325d-4c47-96e3-d59d23743370,87809311-8783-49d7-9b43-5d46dfef1340,E2,visual/fundamentos,mixta/aplicacion,2,2,0
1cf9305f-da08-4b92-9238-6054b56b8039,7bf31573-e7d9-4a44-ab9e-2b2f6e2793f2,E1,mixta/fundamentos,mixta/aplicacion,2,2,0
210fb120-c157-4e22-90f2-a2b38b728c9a,48c83ac5-591f-44c1-9ebd-829876d9a3da,E1,mixta/fundamentos,mixta/aplicacion,2,2,0
24dc18ba-33b3-40a4-9b89-b9c8b64cfbcb,b4a98d92-9c51-44ff-a52c-b5605a036e15,E1,mixta/fundamentos,mixta/aplicacion,2,2,0
34bc3835-0b91-471a-a444-068e89f374df,48c83ac5-591f-44c1-9ebd-829876d9a3da,E2,visual/fundamentos,mixta/aplicacion,2,2,0
3e1b09fb-3637-46ed-8ced-18ac8ed640a9,f39edcaf-b63b-4e50-b171-70b4bf0ddab1,E1,mixta/fundamentos,mixta/aplicacion,2,2,0
40442f8d-73c5-4799-98fa-38ca49bd39a2,4b300b0a-7470-42cf-856a-66b4a1c018b4,E1,mixta/fundamentos,mixta/aplicacion,2,2,0
4a280c4d-cc82-4d65-a6c8-a83b86c59a7e,6839a0cb-fd3b-4dc6-b7ae-309bd31a1247,E2,visual/fundamentos,mixta/aplicacion,2,2,0
4ec2e7de-2133-48b2-9c9c-567f9f82d3f9,f39edcaf-b63b-4e50-b171-70b4bf0ddab1,E2,visual/fundamentos,mixta/aplicacion,1,2,-1
53b9fcc1-df38-4c16-b9be-27025f1f71a6,6839a0cb-fd3b-4dc6-b7ae-309bd31a1247,E1,mixta/fundamentos,mixta/aplicacion,2,2,0
7f8ce386-469d-429d-a85c-9d4b269aa9aa,87809311-8783-49d7-9b43-5d46dfef1340,E2,visual/fundamentos,mixta/aplicacion,2,2,0
80655903-265e-42cc-a904-979c5915a762,4b300b0a-7470-42cf-856a-66b4a1c018b4,E2,visual/fundamentos,mixta/aplicacion,2,2,0
96a89840-37f6-4fbc-802d-476e93b44934,87809311-8783-49d7-9b43-5d46dfef1340,E2,visual/fundamentos,mixta/aplicacion,2,2,0
97618403-8a25-48ff-9f84-77149f10ca13,6839a0cb-fd3b-4dc6-b7ae-309bd31a1247,E1,mixta/fundamentos,mixta/aplicacion,2,2,0
9c8feec0-0920-4884-85b6-b2060e9cfe93,6839a0cb-fd3b-4dc6-b7ae-309bd31a1247,E2,visual/fundamentos,mixta/aplicacion,2,2,0
a0ca46e9-42df-4eb6-a41d-a0b0ec710f79,87809311-8783-49d7-9b43-5d46dfef1340,E1,mixta/fundamentos,mixta/aplicacion,2,2,0
a20e470f-c6df-4036-8369-4e119dccf537,48c83ac5-591f-44c1-9ebd-829876d9a3da,E2,visual/fundamentos,mixta/aplicacion,2,2,0
a42e1eba-615e-4ce9-9397-4b7ff825a7c4,b4a98d92-9c51-44ff-a52c-b5605a036e15,E1,mixta/fundamentos,mixta/aplicacion,2,2,0
a5edca79-72da-48c1-a571-4a02fe90e1e5,7bf31573-e7d9-4a44-ab9e-2b2f6e2793f2,E1,mixta/fundamentos,mixta/aplicacion,2,2,0
a6f0da75-9747-4603-967a-2247f628c333,7bf31573-e7d9-4a44-ab9e-2b2f6e2793f2,E1,mixta/fundamentos,mixta/aplicacion,2,2,0
bcba8706-bbd6-4d32-a531-03e543632388,d90a398d-f8eb-4ef0-aade-3155528983c3,E1,mixta/fundamentos,mixta/aplicacion,2,2,0
e1855fa0-7e2d-4a21-9133-9a7e2083472b,7bf31573-e7d9-4a44-ab9e-2b2f6e2793f2,E2,visual/fundamentos,mixta/aplicacion,2,2,0
e3100eb9-c21b-40e2-94a1-5fea4566654a,b4a98d92-9c51-44ff-a52c-b5605a036e15,E2,visual/fundamentos,mixta/aplicacion,2,2,0
e572a99f-ea49-4580-b2ab-50a2c868e199,4b300b0a-7470-42cf-856a-66b4a1c018b4,E2,visual/fundamentos,mixta/aplicacion,2,2,0
ec088842-052c-47ce-b0ea-49d409968de2,7bf31573-e7d9-4a44-ab9e-2b2f6e2793f2,E2,visual/fundamentos,mixta/aplicacion,2,2,0
f406c26b-d94d-4fe3-9a5e-0dc1ad46e295,48c83ac5-591f-44c1-9ebd-829876d9a3da,E1,mixta/fundamentos,mixta/aplicacion,2,2,0
